alias,label,step_at_cut,reward_mean,tool_calls,response_length,num_turns,kl_loss,aborted_ratio
p_0,p_minimal,1000,0.18044459961709522,1.0013227513227512,1130.3187837146577,3.0013227513227516,0.20371171075200278,0.0
p_1,p1_basic_w_ex,1000,0.192902896077709,2.0,2025.0656037026263,4.0,0.22077151261111524,0.0
p_2,p1_basic_no_ex,1000,0.1705108005767581,0.08620689655172413,499.5727961748496,2.086206896551724,0.16803806694759715,0.0
p_3,p2_basic2_w_ex,1000,0.1788104710114353,1.0012254901960786,1363.8566176470588,3.001225490196078,0.10949752479791638,0.0
p_4,p2_basic2_no_ex,1000,0.16282975218797985,0.0,656.8078950580798,2.0,0.14447195757376516,0.0
p_5,p3_decide_w_ex,1000,0.18421497276196114,1.0038461538461538,1179.324355844351,3.003846153846154,0.1804540915557971,0.0
p_6,p3_decide_no_ex,1000,0.16057399577564663,0.837037037037037,871.0944413926866,2.8370370370370366,0.2721843613518609,0.0
p_7,p4_think_w_ex,1000,0.17585446619325215,1.0,1112.1518636067708,3.0,0.16325059748358195,0.0
