run,step,reward,tool_calls,resp_len
v0 instruct <search> p1_basic_w_ex,884,0.19166274089366198,1.9991319444444446,2027.0954844156902
v0 instruct <search> p3_decide_no_ex,884,0.1989945039153099,0.9979166666666667,992.1895874023437
v1 instruct <tool_call> r1_query_object,884,0.17955744549632072,0.9900000000000001,1913.50166015625
v1 instruct <tool_call> r2_concise,884,0.15149208730677277,1.0,982.4776402915396
v1 base <tool_call> base_state_machine_a (FAIL),884,-1.9143089593852502e-05,0.0,85.20249929428101
v1 base <tool_call> base_state_machine_b (FAIL),884,-6.650705072388509e-05,0.0,74.18874998092652
