{
  "label": "cpu_flat",
  "host": "127.0.0.1",
  "port": 3005,
  "pid": 21584,
  "top_n": 10,
  "warmup": 5,
  "duration_s": 314.9106879234314,
  "single": {
    "iters": 64,
    "wall_s": 216.54576233075932,
    "qps": 0.2955495379412885,
    "latency_ms": {
      "n": 64,
      "mean_ms": 3383.4035461986787,
      "p50_ms": 3385.404218919575,
      "p90_ms": 3438.7041772715747,
      "p95_ms": 3488.3327707648277,
      "p99_ms": 3504.3689170852304,
      "min_ms": 3308.927543926984,
      "max_ms": 3546.3924570940435,
      "stdev_ms": 52.64536381608471
    }
  },
  "batch": {
    "iters": 16,
    "size": 8,
    "wall_s": 79.90692186774686,
    "effective_qps": 1.6018637310526302,
    "request_latency_ms": {
      "n": 16,
      "mean_ms": 4994.037806027336,
      "p50_ms": 4992.179123219103,
      "p90_ms": 5271.180419716984,
      "p95_ms": 5271.180419716984,
      "p99_ms": 5303.758408874273,
      "min_ms": 4791.12115316093,
      "max_ms": 5303.758408874273,
      "stdev_ms": 153.95489489098327
    },
    "per_item_latency_ms": {
      "n": 16,
      "mean_ms": 624.254725753417,
      "p50_ms": 624.0223904023878,
      "p90_ms": 658.897552464623,
      "p95_ms": 658.897552464623,
      "p99_ms": 662.9698011092842,
      "min_ms": 598.8901441451162,
      "max_ms": 662.9698011092842,
      "stdev_ms": 19.24436186137291
    }
  },
  "system": {
    "samples_taken": 573,
    "interval_s": 0.5,
    "gpu_util_pct": {
      "mean": 0.08376963350785341,
      "max": 13.0,
      "min": 0.0,
      "p50": 0.0,
      "p95": 0.0
    },
    "vram_used_mib": {
      "mean": 994.411867364747,
      "max": 996.0,
      "min": 976.0,
      "p50": 994.0,
      "p95": 996.0
    },
    "power_w": {
      "mean": 89.94551483420594,
      "max": 94.07,
      "min": 55.91,
      "p50": 89.95,
      "p95": 93.31
    },
    "proc_cpu_pct_sum": {
      "mean": 160.2415357766143,
      "max": 288.0,
      "min": 84.4,
      "p50": 150.0,
      "p95": 266.0
    },
    "proc_rss_mib": {
      "mean": 64414.06875818063,
      "max": 64466.84375,
      "min": 63876.81640625,
      "p50": 64404.55859375,
      "p95": 64466.84375
    }
  }
}