{
  "label": "cpu_ivf",
  "host": "127.0.0.1",
  "port": 3005,
  "pid": 6818,
  "top_n": 10,
  "warmup": 5,
  "duration_s": 6.676213502883911,
  "single": {
    "iters": 64,
    "wall_s": 4.26108017982915,
    "qps": 15.019665741789938,
    "latency_ms": {
      "n": 64,
      "mean_ms": 66.29457503004232,
      "p50_ms": 66.77522696554661,
      "p90_ms": 73.6992540769279,
      "p95_ms": 74.39057482406497,
      "p99_ms": 75.04235627129674,
      "min_ms": 50.85057998076081,
      "max_ms": 78.25425593182445,
      "stdev_ms": 6.250117730365005
    }
  },
  "batch": {
    "iters": 16,
    "size": 8,
    "wall_s": 2.0947199780493975,
    "effective_qps": 61.106019583196776,
    "request_latency_ms": {
      "n": 16,
      "mean_ms": 130.79818862024695,
      "p50_ms": 127.93643958866596,
      "p90_ms": 158.22030697017908,
      "p95_ms": 158.22030697017908,
      "p99_ms": 176.84638826176524,
      "min_ms": 83.40994687750936,
      "max_ms": 176.84638826176524,
      "stdev_ms": 25.23981475265183
    },
    "per_item_latency_ms": {
      "n": 16,
      "mean_ms": 16.34977357753087,
      "p50_ms": 15.992054948583245,
      "p90_ms": 19.777538371272385,
      "p95_ms": 19.777538371272385,
      "p99_ms": 22.105798532720655,
      "min_ms": 10.42624335968867,
      "max_ms": 22.105798532720655,
      "stdev_ms": 3.154976844081479
    }
  },
  "system": {
    "samples_taken": 12,
    "interval_s": 0.5,
    "gpu_util_pct": {
      "mean": 1.1666666666666667,
      "max": 2.0,
      "min": 0.0,
      "p50": 1.0,
      "p95": 2.0
    },
    "vram_used_mib": {
      "mean": 996.0,
      "max": 996.0,
      "min": 996.0,
      "p50": 996.0,
      "p95": 996.0
    },
    "power_w": {
      "mean": 92.16666666666667,
      "max": 93.0,
      "min": 90.07,
      "p50": 92.45,
      "p95": 92.82
    },
    "proc_cpu_pct_sum": {
      "mean": 448.25,
      "max": 539.0,
      "min": 352.0,
      "p50": 457.0,
      "p95": 528.0
    },
    "proc_rss_mib": {
      "mean": 18482.6328125,
      "max": 18482.6328125,
      "min": 18482.6328125,
      "p50": 18482.6328125,
      "p95": 18482.6328125
    }
  }
}