{
  "label": "gpu_ivf",
  "host": "127.0.0.1",
  "port": 3005,
  "pid": 7338,
  "top_n": 10,
  "warmup": 5,
  "duration_s": 3.24764347076416,
  "single": {
    "iters": 64,
    "wall_s": 1.0521374493837357,
    "qps": 60.82855432765602,
    "latency_ms": {
      "n": 64,
      "mean_ms": 16.168450871191453,
      "p50_ms": 14.74541099742055,
      "p90_ms": 22.908486891537905,
      "p95_ms": 24.93910025805235,
      "p99_ms": 25.900991167873144,
      "min_ms": 13.401079922914505,
      "max_ms": 27.35837595537305,
      "stdev_ms": 3.3862385973552707
    }
  },
  "batch": {
    "iters": 16,
    "size": 8,
    "wall_s": 0.4093593517318368,
    "effective_qps": 312.68370799026053,
    "request_latency_ms": {
      "n": 16,
      "mean_ms": 25.46882611932233,
      "p50_ms": 21.973737981170416,
      "p90_ms": 32.965902239084244,
      "p95_ms": 32.965902239084244,
      "p99_ms": 53.54933626949787,
      "min_ms": 19.373156130313873,
      "max_ms": 53.54933626949787,
      "stdev_ms": 8.441864859696388
    },
    "per_item_latency_ms": {
      "n": 16,
      "mean_ms": 3.183603264915291,
      "p50_ms": 2.746717247646302,
      "p90_ms": 4.1207377798855305,
      "p95_ms": 4.1207377798855305,
      "p99_ms": 6.693667033687234,
      "min_ms": 2.421644516289234,
      "max_ms": 6.693667033687234,
      "stdev_ms": 1.0552331074620485
    }
  },
  "system": {
    "samples_taken": 6,
    "interval_s": 0.5,
    "gpu_util_pct": {
      "mean": 9.166666666666666,
      "max": 27.0,
      "min": 0.0,
      "p50": 0.0,
      "p95": 27.0
    },
    "vram_used_mib": {
      "mean": 22195.0,
      "max": 22204.0,
      "min": 22186.0,
      "p50": 22186.0,
      "p95": 22204.0
    },
    "power_w": {
      "mean": 94.48333333333333,
      "max": 109.66,
      "min": 89.63,
      "p50": 91.08,
      "p95": 109.66
    },
    "proc_cpu_pct_sum": {
      "mean": 144.33333333333334,
      "max": 199.0,
      "min": 123.0,
      "p50": 125.0,
      "p95": 199.0
    },
    "proc_rss_mib": {
      "mean": 4101.759114583333,
      "max": 4126.796875,
      "min": 4068.99609375,
      "p50": 4108.74609375,
      "p95": 4126.796875
    }
  }
}